played,won,drawn,lost,gf,ga,gd,points,Winner
42,24,12,6,67,31,36,84,1
42,21,11,10,57,40,17,74,0
42,21,9,12,61,65,-4,72,0
42,20,11,11,68,46,22,71,0
42,17,12,13,63,55,8,63,0
42,16,11,15,62,55,7,59,0
42,15,14,13,55,51,4,59,0
42,16,11,15,60,66,-6,59,0
42,15,12,15,56,51,5,57,0
42,15,11,16,40,38,2,56,0
42,14,14,14,51,54,-3,56,0
42,14,12,16,56,55,1,54,0
42,15,8,19,53,55,-2,53,0
42,14,10,18,54,53,1,52,0
42,13,13,16,52,57,-5,52,0
42,12,16,14,50,55,-5,52,0
42,12,15,15,57,62,-5,51,0
42,13,11,18,54,61,-7,50,0
42,13,10,19,63,74,-11,49,0
42,11,16,15,48,61,-13,49,0
42,11,11,20,54,75,-21,44,0
42,10,10,22,41,62,-21,40,0
42,27,11,4,80,38,42,92,1
42,25,9,8,63,36,27,84,0
42,23,8,11,82,41,41,77,0
42,18,17,7,53,28,25,71,0
42,18,16,8,65,39,26,70,0
42,18,11,13,56,53,3,65,0
42,16,16,10,76,54,22,64,0
42,17,9,16,59,55,4,60,0
42,16,12,14,62,61,1,60,0
42,15,12,15,46,50,-4,57,0
42,14,14,14,43,45,-2,56,0
42,12,17,13,65,61,4,53,0
42,13,13,16,47,58,-11,52,0
42,13,12,17,49,53,-4,51,0
42,11,12,19,54,59,-5,45,0
42,9,18,15,38,49,-11,45,0
42,12,8,22,42,63,-21,44,0
42,12,7,23,49,66,-17,43,0
42,9,16,17,35,58,-23,43,0
42,8,18,16,42,60,-18,42,0
42,9,13,20,42,68,-26,40,0
42,5,15,22,47,100,-53,30,0
42,27,8,7,80,39,41,89,1
42,26,10,6,77,29,48,88,0
42,22,11,9,72,43,29,77,0
42,21,11,10,65,37,28,74,0
42,20,13,9,59,38,21,73,0
42,20,12,10,67,47,20,72,0
42,16,14,12,66,58,8,62,0
42,17,9,16,61,59,2,60,0
42,15,11,16,48,65,-17,56,0
42,12,18,12,61,63,-2,54,0
42,13,15,14,50,55,-5,54,0
42,13,12,17,53,49,4,51,0
42,13,12,17,49,57,-8,51,0
42,13,11,18,44,48,-4,50,0
42,11,17,14,44,51,-7,50,0
42,12,14,16,44,62,-18,50,0
42,12,13,17,53,64,-11,49,0
42,11,15,16,51,56,-5,48,0
42,11,12,19,34,49,-15,45,0
42,10,13,19,37,54,-17,43,0
42,6,11,25,45,80,-35,29,0
42,7,6,29,36,93,-57,27,0
38,25,7,6,73,35,38,82,1
38,24,6,8,66,37,29,78,0
38,20,11,7,70,34,36,71,0
38,18,9,11,52,35,17,63,0
38,17,12,9,49,32,17,63,0
38,17,10,11,64,44,20,61,0
38,18,7,13,61,47,14,61,0
38,16,13,9,50,38,12,61,0
38,15,13,10,50,54,-4,58,0
38,14,9,15,43,52,-9,51,0
38,12,14,12,46,44,2,50,0
38,11,10,17,35,50,-15,43,0
38,12,7,19,40,57,-17,43,0
38,10,11,17,55,70,-15,41,0
38,10,10,18,48,61,-13,40,0
38,8,14,16,42,60,-18,38,0
38,9,11,18,34,52,-18,38,0
38,9,11,18,33,58,-25,38,0
38,9,6,23,38,57,-19,33,0
38,8,5,25,39,71,-32,29,0
38,21,12,5,76,44,32,75,1
38,19,11,8,73,40,33,68,0
38,19,11,8,62,32,30,68,0
38,19,11,8,62,37,25,68,0
38,17,10,11,47,34,13,61,0
38,16,11,11,58,55,3,59,0
38,14,15,9,50,51,-1,57,0
38,15,11,12,49,46,3,56,0
38,12,11,15,46,54,-8,47,0
38,13,7,18,44,51,-7,46,0
38,11,13,14,28,38,-10,46,0
38,11,13,14,45,58,-13,46,0
38,9,15,14,42,43,-1,42,0
38,10,12,16,39,48,-9,42,0
38,10,12,16,44,57,-13,42,0
38,10,11,17,50,56,-6,41,0
38,9,14,15,38,54,-16,41,0
38,10,10,18,35,53,-18,40,0
38,10,12,16,51,60,-9,39,0
38,6,16,16,31,59,-28,34,0
38,23,9,6,68,33,35,78,1
38,23,8,7,73,26,47,77,0
38,18,11,9,68,42,26,65,0
38,20,3,15,71,43,28,63,0
38,17,8,13,57,46,11,59,0
38,16,10,12,57,52,5,58,0
38,17,6,15,49,48,1,57,0
38,16,8,14,56,57,-1,56,0
38,16,7,15,52,49,3,55,0
38,13,14,11,51,41,10,53,0
38,12,16,10,46,44,2,52,0
38,14,6,18,50,55,-5,48,0
38,11,11,16,35,44,-9,44,0
38,11,11,16,44,56,-12,44,0
38,10,14,14,34,46,-12,44,0
38,12,8,18,52,67,-15,44,0
38,9,13,16,41,56,-15,40,0
38,9,13,16,41,61,-20,40,0
38,10,5,23,37,82,-45,35,0
38,8,9,21,37,71,-34,33,0
38,22,13,3,80,37,43,79,1
38,22,12,4,59,17,42,78,0
38,20,15,3,57,30,27,75,0
38,18,13,7,62,34,28,67,0
38,16,9,13,46,53,-7,57,0
38,15,10,13,51,46,5,55,0
38,15,9,14,68,49,19,54,0
38,13,13,12,40,45,-5,52,0
38,12,15,11,48,54,-6,51,0
38,12,13,13,40,46,-6,49,0
38,11,14,13,47,50,-3,47,0
38,13,7,18,41,42,-1,46,0
38,11,13,14,48,54,-6,46,0
38,11,10,17,42,47,-5,43,0
38,11,9,18,39,51,-12,42,0
38,10,12,16,40,63,-23,42,0
38,11,8,19,37,64,-27,41,0
38,8,12,18,41,56,-15,36,0
38,7,14,17,38,52,-14,35,0
38,7,9,22,35,69,-34,30,0
38,28,7,3,97,45,52,91,1
38,22,7,9,73,43,30,73,0
38,21,6,11,58,43,15,69,0
38,19,10,9,51,30,21,67,0
38,18,11,9,53,34,19,65,0
38,15,13,10,46,35,11,58,0
38,16,10,12,57,56,1,58,0
38,16,7,15,55,55,0,55,0
38,15,10,13,52,53,-1,55,0
38,15,8,15,57,49,8,53,0
38,14,10,14,63,54,9,52,0
38,14,10,14,46,52,-6,52,0
38,12,14,12,59,49,10,50,0
38,12,8,18,47,54,-7,44,0
38,12,8,18,45,62,-17,44,0
38,9,11,18,44,57,-13,38,0
38,9,9,20,38,68,-30,36,0
38,7,12,19,46,74,-28,33,0
38,8,7,23,38,70,-32,31,0
38,6,6,26,35,77,-42,24,0
38,24,8,6,79,31,48,80,1
38,20,10,8,63,38,25,70,0
38,20,9,9,71,39,32,69,0
38,20,8,10,64,43,21,68,0
38,20,6,12,57,42,15,66,0
38,17,10,11,68,45,23,61,0
38,15,12,11,46,41,5,57,0
38,13,15,10,46,43,3,54,0
38,14,10,14,50,57,-7,52,0
38,14,10,14,40,48,-8,52,0
38,14,9,15,44,50,-6,51,0
38,13,10,15,47,54,-7,49,0
38,14,6,18,39,51,-12,48,0
38,9,15,14,44,44,0,42,0
38,10,12,16,45,50,-5,42,0
38,11,9,18,45,59,-14,42,0
38,10,12,16,37,59,-22,42,0
38,8,10,20,41,65,-24,34,0
38,8,10,20,36,63,-27,34,0
38,5,11,22,30,70,-40,26,0
38,26,9,3,79,36,43,87,1
38,24,8,6,67,30,37,80,0
38,24,5,9,87,45,42,77,0
38,21,8,9,74,52,22,71,0
38,18,12,8,53,37,16,66,0
38,17,13,8,66,38,28,64,0
38,15,8,15,48,57,-9,53,0
38,12,14,12,46,47,-1,50,0
38,14,8,16,49,53,-4,50,0
38,12,10,16,55,51,4,46,0
38,12,9,17,46,54,-8,45,0
38,12,9,17,35,47,-12,45,0
38,10,14,14,36,44,-8,44,0
38,10,14,14,38,49,-11,44,0
38,11,10,17,45,57,-12,43,0
38,9,13,16,44,62,-18,40,0
38,10,10,18,29,51,-22,40,0
38,9,9,20,41,64,-23,36,0
38,8,6,24,33,63,-30,30,0
38,5,13,20,30,64,-34,28,0
38,25,8,5,74,34,40,83,1
38,23,9,6,85,42,43,78,0
38,21,6,11,63,48,15,69,0
38,19,10,9,68,38,30,67,0
38,18,10,10,61,41,20,64,0
38,16,12,10,52,43,9,60,0
38,17,8,13,48,49,-1,59,0
38,13,13,12,43,46,-3,52,0
38,15,6,17,47,54,-7,51,0
38,14,8,16,51,62,-11,50,0
38,13,10,15,48,44,4,49,0
38,14,7,17,45,56,-11,49,0
38,13,9,16,41,49,-8,48,0
38,13,9,16,41,50,-9,48,0
38,14,5,19,58,57,1,47,0
38,12,9,17,42,47,-5,45,0
38,10,14,14,41,51,-10,44,0
38,10,12,16,42,59,-17,42,0
38,6,8,24,29,65,-36,26,0
38,4,7,27,21,65,-44,19,0
38,26,12,0,73,26,47,90,1
38,24,7,7,67,30,37,79,0
38,23,6,9,64,35,29,75,0
38,16,12,10,55,37,18,60,0
38,13,17,8,52,40,12,56,0
38,15,11,12,48,44,4,56,0
38,14,11,13,51,51,0,53,0
38,14,11,13,48,56,-8,53,0
38,14,10,14,52,46,6,52,0
38,12,14,12,43,48,-5,50,0
38,13,9,16,44,52,-8,48,0
38,12,11,15,44,45,-1,47,0
38,12,9,17,47,54,-7,45,0
38,13,6,19,47,57,-10,45,0
38,12,8,18,51,59,-8,44,0
38,9,14,15,55,54,1,41,0
38,9,12,17,45,57,-12,39,0
38,6,15,17,48,65,-17,33,0
38,8,9,21,40,79,-39,33,0
38,7,12,19,38,77,-39,33,0
38,29,8,1,72,15,57,95,1
38,25,8,5,87,36,51,83,0
38,22,11,5,58,26,32,77,0
38,18,7,13,45,46,-1,61,0
38,17,7,14,52,41,11,58,0
38,16,10,12,49,44,5,58,0
38,14,13,11,53,46,7,55,0
38,13,13,12,47,39,8,52,0
38,14,10,14,47,41,6,52,0
38,12,11,15,45,52,-7,47,0
38,12,10,16,42,58,-16,46,0
38,11,12,15,40,46,-6,45,0
38,12,8,18,52,60,-8,44,0
38,10,14,14,47,57,-10,44,0
38,9,15,14,32,43,-11,42,0
38,10,9,19,43,59,-16,39,0
38,6,16,16,36,61,-25,34,0
38,7,12,19,41,62,-21,33,0
38,7,12,19,42,77,-35,33,0
38,6,14,18,45,66,-21,32,0
38,29,4,5,72,22,50,91,1
38,25,8,5,72,34,38,83,0
38,25,7,6,57,25,32,82,0
38,20,7,11,68,31,37,67,0
38,18,11,9,53,38,15,65,0
38,19,6,13,51,42,9,63,0
38,17,7,14,47,42,5,58,0
38,15,11,12,49,41,8,56,0
38,16,7,15,52,55,-3,55,0
38,15,6,17,45,52,-7,51,0
38,14,8,16,34,49,-15,50,0
38,14,6,18,48,58,-10,48,0
38,13,8,17,41,55,-14,47,0
38,12,9,17,48,58,-10,45,0
38,13,4,21,43,48,-5,43,0
38,10,12,16,42,55,-13,42,0
38,10,8,20,37,62,-25,38,0
38,8,10,20,28,50,-22,34,0
38,7,9,22,31,58,-27,30,0
38,3,6,29,26,69,-43,15,0
38,28,5,5,83,27,56,89,1
38,24,11,3,64,24,40,83,0
38,20,8,10,57,27,30,68,0
38,19,11,8,63,35,28,68,0
38,17,9,12,57,54,3,60,0
38,15,13,10,52,36,16,58,0
38,16,8,14,47,52,-5,56,0
38,16,7,15,52,47,5,55,0
38,14,12,12,45,42,3,54,0
38,15,7,16,52,54,-2,52,0
38,11,17,10,43,41,2,50,0
38,12,10,16,44,49,-5,46,0
38,11,10,17,38,47,-9,43,0
38,11,9,18,29,44,-15,42,0
38,12,5,21,35,59,-24,41,0
38,8,15,15,38,60,-22,39,0
38,10,8,20,37,59,-22,38,0
38,10,8,20,32,55,-23,38,0
38,8,10,20,34,60,-26,34,0
38,5,13,20,29,59,-30,28,0
38,27,6,5,80,22,58,87,1
38,25,10,3,65,26,39,85,0
38,24,11,3,74,31,43,83,0
38,21,13,4,67,28,39,76,0
38,19,8,11,55,33,22,65,0
38,16,12,10,71,51,20,60,0
38,15,13,10,50,48,2,58,0
38,16,9,13,48,40,8,57,0
38,15,10,13,45,53,-8,55,0
38,13,10,15,42,50,-8,49,0
38,11,13,14,66,61,5,46,0
38,11,10,17,45,65,-20,43,0
38,10,12,16,43,53,-10,42,0
38,10,10,18,34,51,-17,40,0
38,11,6,21,36,59,-23,39,0
38,9,10,19,36,54,-18,37,0
38,8,12,18,38,60,-22,36,0
38,10,6,22,41,66,-25,36,0
38,8,11,19,46,62,-16,35,0
38,1,8,29,20,89,-69,11,0
38,28,6,4,68,24,44,90,1
38,25,11,2,77,27,50,86,0
38,25,8,5,68,24,44,83,0
38,20,12,6,68,37,31,72,0
38,17,12,9,55,37,18,63,0
38,17,11,10,54,48,6,62,0
38,14,11,13,39,34,5,53,0
38,14,9,15,45,45,0,51,0
38,14,9,15,42,45,-3,51,0
38,15,5,18,58,50,8,50,0
38,12,9,17,34,45,-11,45,0
38,12,9,17,38,55,-17,45,0
38,11,8,19,41,53,-12,41,0
38,10,11,17,38,57,-19,41,0
38,10,11,17,40,60,-20,41,0
38,9,9,20,34,54,-20,36,0
38,8,11,19,39,64,-25,35,0
38,7,13,18,40,59,-19,34,0
38,7,11,20,28,57,-29,32,0
38,8,8,22,36,67,-31,32,0
38,27,5,6,103,32,71,86,1
38,27,4,7,86,28,58,85,0
38,23,6,9,83,41,42,75,0
38,21,7,10,67,41,26,70,0
38,18,13,7,73,45,28,67,0
38,17,13,8,52,39,13,64,0
38,18,9,11,61,35,26,63,0
38,16,13,9,60,49,11,61,0
38,13,11,14,38,47,-9,50,0
38,13,11,14,41,55,-14,50,0
38,11,14,13,34,48,-14,47,0
38,12,10,16,39,46,-7,46,0
38,11,11,16,48,56,-8,44,0
38,10,9,19,42,67,-25,39,0
38,9,11,18,32,56,-24,38,0
38,9,9,20,37,79,-42,36,0
38,8,11,19,47,66,-19,35,0
38,8,6,24,42,82,-40,30,0
38,6,12,20,34,75,-41,30,0
38,7,7,24,34,66,-32,19,0
38,23,11,4,78,37,41,80,1
38,21,8,9,69,33,36,71,0
38,21,8,9,60,33,27,71,0
38,19,11,8,72,43,29,68,0
38,16,14,8,55,46,9,62,0
38,17,7,14,59,44,15,58,0
38,13,15,10,51,45,6,54,0
38,11,16,11,49,43,6,49,0
38,12,12,14,48,59,-11,48,0
38,12,11,15,45,56,-11,47,0
38,12,11,15,56,71,-15,47,0
38,11,13,14,56,57,-1,46,0
38,13,7,18,46,48,-2,46,0
38,12,10,16,52,56,-4,46,0
38,11,10,17,46,59,-13,43,0
38,9,15,14,40,61,-21,42,0
38,11,7,20,46,66,-20,40,0
38,8,15,15,37,58,-21,39,0
38,10,9,19,55,78,-23,39,0
38,7,12,19,43,70,-27,33,0
38,28,5,5,93,29,64,89,1
38,28,5,5,89,33,56,89,1
38,21,7,10,74,49,25,70,0
38,20,9,9,66,41,25,69,0
38,19,8,11,56,51,5,65,0
38,18,10,10,65,46,19,64,0
38,15,11,12,50,40,10,56,0
38,14,10,14,47,40,7,52,0
38,14,10,14,48,51,-3,52,0
38,13,8,17,45,52,-7,47,0
38,12,11,15,44,51,-7,47,0
38,12,11,15,52,66,-14,47,0
38,11,12,15,45,46,-1,45,0
38,11,12,15,36,53,-17,45,0
38,11,10,17,42,62,-20,43,0
38,7,17,14,37,53,-16,38,0
38,10,7,21,43,66,-23,37,0
38,10,6,22,46,77,-31,36,0
38,8,7,23,48,78,-30,31,0
38,5,10,23,40,82,-42,25,0
38,28,5,5,86,43,43,89,1
38,23,9,6,66,34,32,78,0
38,22,9,7,75,39,36,75,0
38,21,10,7,72,37,35,73,0
38,21,9,8,66,46,20,72,0
38,16,15,7,55,40,15,63,0
38,16,13,9,71,43,28,61,0
38,14,7,17,53,57,-4,49,0
38,11,13,14,47,51,-4,46,0
38,12,10,16,45,53,-8,46,0
38,10,14,14,41,58,-17,44,0
38,11,10,17,50,60,-10,43,0
38,9,15,14,34,45,-11,42,0
38,9,14,15,49,60,-11,41,0
38,10,11,17,47,69,-22,41,0
38,11,8,19,45,68,-23,41,0
38,9,12,17,41,54,-13,39,0
38,9,9,20,47,73,-26,36,0
38,6,10,22,43,73,-30,28,0
38,4,13,21,30,60,-30,25,0
38,27,5,6,102,37,65,86,1
38,26,6,6,101,50,51,84,0
38,25,7,6,71,27,44,82,0
38,24,7,7,68,41,27,79,0
38,21,9,8,61,39,22,72,0
38,21,6,11,55,51,4,69,0
38,19,7,12,64,43,21,64,0
38,15,11,12,54,46,8,56,0
38,13,11,14,45,52,-7,50,0
38,15,4,19,43,59,-16,49,0
38,13,6,19,33,48,-15,45,0
38,11,9,18,54,54,0,42,0
38,11,7,20,40,51,-11,40,0
38,10,8,20,41,60,-19,38,0
38,10,8,20,39,61,-22,38,0
38,10,7,21,38,53,-15,37,0
38,7,15,16,43,59,-16,36,0
38,8,9,21,28,62,-34,33,0
38,9,5,24,40,85,-45,32,0
38,7,9,22,32,74,-42,30,0
38,26,9,3,73,32,41,87,1
38,24,7,7,83,38,45,79,0
38,22,9,7,71,36,35,75,0
38,20,10,8,62,37,25,70,0
38,19,7,12,58,53,5,64,0
38,18,8,12,52,48,4,62,0
38,18,6,14,54,33,21,60,0
38,16,8,14,46,49,-3,56,0
38,15,9,14,48,45,3,54,0
38,13,9,16,47,51,-4,48,0
38,12,11,15,48,50,-2,47,0
38,12,11,15,44,47,-3,47,0
38,11,11,16,38,51,-13,44,0
38,11,8,19,46,55,-9,41,0
38,10,9,19,40,63,-23,39,0
38,7,17,14,31,53,-22,38,0
38,10,8,20,31,57,-26,38,0
38,8,11,19,33,51,-18,35,0
38,7,12,19,28,53,-25,33,0
38,8,6,24,42,73,-31,30,0
38,23,12,3,68,36,32,81,1
38,20,11,7,65,36,29,71,0
38,19,13,6,69,35,34,70,0
38,19,9,10,71,41,30,66,0
38,19,9,10,49,35,14,66,0
38,18,9,11,59,41,18,63,0
38,16,14,8,65,51,14,62,0
38,16,12,10,63,50,13,60,0
38,14,9,15,41,55,-14,51,0
38,12,14,12,59,53,6,50,0
38,11,14,13,59,55,4,47,0
38,12,11,15,42,52,-10,47,0
38,12,9,17,40,50,-10,45,0
38,10,13,15,34,48,-14,43,0
38,11,9,18,39,51,-12,42,0
38,11,9,18,45,67,-22,42,0
38,9,12,17,48,62,-14,39,0
38,9,10,19,44,65,-21,37,0
38,9,7,22,39,67,-28,34,0
38,3,8,27,27,76,-49,17,0
38,30,3,5,85,33,52,93,1
38,26,8,4,86,26,60,86,0
38,23,9,6,80,39,41,78,0
38,22,10,6,78,42,36,76,0
38,23,6,9,77,44,33,75,0
38,18,15,5,54,29,25,69,0
38,17,10,11,62,44,18,61,0
38,12,10,16,41,48,-7,46,0
38,12,10,16,55,67,-12,46,0
38,12,9,17,43,51,-8,45,0
38,12,9,17,47,64,-17,45,0
38,12,8,18,48,63,-15,44,0
38,11,11,16,41,56,-15,44,0
38,12,5,21,50,63,-13,41,0
38,12,5,21,45,70,-25,41,0
38,11,7,20,39,55,-16,40,0
38,11,7,20,40,68,-28,40,0
38,9,7,22,37,80,-43,34,0
38,5,13,20,27,53,-26,28,0
38,6,6,26,29,69,-40,24,0
38,32,4,2,106,27,79,100,1
38,25,6,7,68,28,40,81,0
38,23,8,7,74,36,38,77,0
38,21,12,5,84,38,46,75,0
38,21,7,10,62,38,24,70,0
38,19,6,13,74,51,23,63,0
38,14,12,12,36,39,-3,54,0
38,13,10,15,44,58,-14,49,0
38,12,11,15,56,60,-4,47,0
38,12,8,18,39,47,-8,44,0
38,11,11,16,45,55,-10,44,0
38,11,11,16,45,61,-16,44,0
38,10,12,16,48,68,-20,42,0
38,11,8,19,44,64,-20,41,0
38,9,13,16,34,54,-20,40,0
38,9,10,19,28,58,-30,37,0
38,7,15,16,37,56,-19,36,0
38,8,9,21,28,56,-28,33,0
38,7,12,19,35,68,-33,33,0
38,6,13,19,31,56,-25,31,0
38,32,2,4,95,23,72,98,1
38,30,7,1,89,22,67,97,0
38,21,9,8,63,39,24,72,0
38,23,2,13,67,39,28,71,0
38,21,7,10,73,51,22,70,0
38,19,9,10,65,54,11,66,0
38,16,9,13,47,46,1,57,0
38,15,9,14,54,46,8,54,0
38,15,7,16,51,48,3,52,0
38,15,7,16,52,55,-3,52,0
38,14,8,16,52,59,-7,50,0
38,14,7,17,51,53,-2,49,0
38,12,9,17,42,48,-6,45,0
38,13,6,19,56,70,-14,45,0
38,11,7,20,45,68,-23,40,0
38,9,12,17,45,65,-20,39,0
38,9,9,20,35,60,-25,36,0
38,10,4,24,34,69,-35,34,0
38,7,5,26,34,81,-47,26,0
38,3,7,28,22,76,-54,16,0
38,32,3,3,85,33,52,99,1
38,26,3,9,102,35,67,81,0
38,18,12,8,66,36,30,66,0
38,20,6,12,69,54,15,66,0
38,18,8,12,67,41,26,62,0
38,16,11,11,61,47,14,59,0
38,15,14,9,51,40,11,59,0
38,14,14,10,56,48,8,56,0
38,14,12,12,39,39,0,54,0
38,15,9,14,43,50,-7,54,0
38,15,7,16,51,60,-9,52,0
38,13,10,15,44,56,-12,49,0
38,11,11,16,38,58,-20,44,0
38,11,10,17,31,50,-19,43,0
38,9,14,15,39,54,-15,41,0
38,10,9,19,49,62,-13,39,0
38,9,8,21,41,67,-26,35,0
38,9,7,22,40,65,-25,34,0
38,8,10,20,36,64,-28,34,0
38,5,6,27,26,75,-49,21,0
38,27,5,6,83,32,51,86,1
38,21,11,6,73,44,29,74,0
38,20,9,9,68,42,26,69,0
38,19,10,9,58,36,22,67,0
38,20,6,12,68,50,18,66,0
38,19,8,11,62,47,15,65,0
38,18,8,12,68,45,23,62,0
38,18,7,13,55,39,16,61,0
38,18,5,15,62,54,8,59,0
38,17,8,13,47,48,-1,59,0
38,16,7,15,55,46,9,55,0
38,12,9,17,46,62,-16,45,0
38,12,9,17,36,52,-16,45,0
38,12,8,18,41,66,-25,44,0
38,12,7,19,47,68,-21,43,0
38,9,14,15,40,46,-6,41,0
38,10,9,19,33,55,-22,39,0
38,5,13,20,27,53,-26,28,0
38,5,11,22,35,76,-41,26,0
38,7,2,29,20,63,-43,23,0
38,29,6,3,99,26,73,93,1
38,28,8,2,94,26,68,92,0
38,21,11,6,76,33,43,74,0
38,22,5,11,69,40,29,71,0
38,22,3,13,61,48,13,69,0
38,16,10,12,57,57,0,58,0
38,16,8,14,60,51,9,56,0
38,14,10,14,62,59,3,52,0
38,12,15,11,42,44,-2,51,0
38,15,6,17,38,43,-5,51,0
38,13,10,15,44,62,-18,49,0
38,11,15,12,50,46,4,48,0
38,13,7,18,48,56,-8,46,0
38,13,6,19,52,54,-2,45,0
38,9,13,16,43,67,-24,40,0
38,11,6,21,43,66,-23,39,0
38,9,11,18,42,79,-37,38,0
38,7,14,17,34,53,-19,35,0
38,6,5,27,34,77,-43,23,0
38,5,7,26,23,84,-61,22,0
38,28,5,5,94,33,61,89,1
38,26,6,6,88,43,45,84,0
38,23,6,9,58,43,15,75,0
38,19,14,5,68,33,35,71,0
38,19,10,9,75,47,28,67,0
38,18,8,12,72,53,19,62,0
38,18,7,13,51,46,5,61,0
38,18,6,14,70,63,7,60,0
38,15,14,9,58,46,12,59,0
38,15,7,16,55,53,2,52,0
38,11,12,15,40,49,-9,45,0
38,11,11,16,38,47,-9,44,0
38,11,8,19,31,58,-27,41,0
38,11,7,20,42,55,-13,40,0
38,11,6,21,37,71,-34,39,0
38,9,11,18,38,68,-30,38,0
38,8,12,18,34,57,-23,36,0
38,9,7,22,51,68,-17,34,0
38,7,10,21,48,78,-30,31,0
38,6,7,25,36,73,-37,25,0
38,28,7,3,96,34,62,91,1
38,28,5,5,91,29,62,89,0
38,24,10,4,86,41,45,82,0
38,20,8,10,76,61,15,68,0
38,20,6,12,74,61,13,66,0
38,18,9,11,77,63,14,63,0
38,18,6,14,85,62,23,60,0
38,18,6,14,57,58,-1,60,0
38,14,10,14,60,74,-14,52,0
38,13,10,15,57,58,-1,49,0
38,12,12,14,55,62,-7,48,0
38,13,9,16,54,67,-13,48,0
38,13,8,17,55,61,-6,47,0
38,13,7,18,50,65,-15,46,0
38,13,9,16,40,51,-11,40,0
38,10,9,19,56,65,-9,39,0
38,9,9,20,49,67,-18,32,0
38,6,8,24,52,85,-33,26,0
38,5,9,24,41,78,-37,24,0
38,3,7,28,35,104,-69,16,0
